ansttt;2
hottentot;1;;
boroda34vlg;1;;
davidrussen;1;;
mprfctn;1;;
anarbinov1998;2;;
tyunkin93;1;;
aleksa2612;;;
alekskoval;2;;
sashakolm3;3;;
alianaydich;1;;
leviathan;1;;
alina902-du;1;;
alenarusskih;1;;
alyasushchev;2;;
nastyabil;1;;
anastasia26v;1;;
anastasya123;2;;
alexstasia;1;;
anastleb;1;;
nastya-fadee;1;;
plushcat;1;;
buryakk;4;;
a-krivokhvost;5;;
andreeeeej;1;;
anna2828;3;;
mark-9-6-2;1;;
annazel94;1;;
pudovkinaan;1;;
annamatvienko;1;;
toxatalant13;1;;
satellie;1;;
artem91chern;1;;
sheggyman;2;;
akhmedtemirov;2;;
alexstasia;1;;
anastleb;1;;
nastya-fadee;1;;
plushcat;1;;
buryakk;4;;
a-krivokhvost;5;;
andreeeeej;1;;
ansttt;2;;
hottentot;1;;
boroda34vlg;1;;
davidrussen;1;;
mprfctn;1;;
anarbinov1998;2;;
