ansttt;н;н
hottentot;т
boroda34vlg;к
davidrussen;р
mprfctn;у
anarbinov1998;н;ы
tyunkin93;н
aleksa2612
alekskoval;а;у
sashakolm3;у;к;у
alianaydich;ы
leviathan;р
alina902-du;а
alenarusskih;у
alyasushchev;ы;у
nastyabil;а
anastasia26v;т
anastasya123;а;у
alexstasia;т
anastleb;у
nastya-fadee;а
plushcat;т
buryakk;т;ы;ы;к
a-krivokhvost;а;р;н;а;ы
andreeeeej;т
anna2828;р;н;а
mark-9-6-2;а
annazel94;р
pudovkinaan;т
annamatvienko;т
toxatalant13;к
satellie;н
artem91chern;р
sheggyman;к;у
akhmedtemirov;т;т
alexstasia;н
anastleb;у
nastya-fadee;а
plushcat;а
buryakk;р;р;ы;к
a-krivokhvost;н;н;у;у;ы
andreeeeej;т
ansttt;к;т
hottentot;р
boroda34vlg;у
davidrussen;р
mprfctn;к
anarbinov1998;к;к
